{
  "app_names": [
    "bilibili",
    "damai",
    "hanglvzongheng",
    "meituan",
    "qq",
    "tieba",
    "wps",
    "xiaohongshu"
  ],
  "generated_to_target_dense_similarity": [
    [
      0.7633616775274277,
      0.45800653100013733,
      0.5386750102043152,
      0.4720507860183716,
      0.4758468568325043,
      0.5963113605976105,
      0.5085244476795197,
      0.5864842534065247
    ],
    [
      0.5443755835294724,
      0.7303005903959274,
      0.5345690548419952,
      0.3873184397816658,
      0.519359715282917,
      0.523933470249176,
      0.5097075700759888,
      0.5671718716621399
    ],
    [
      0.6036396026611328,
      0.4825073257088661,
      0.5139594078063965,
      0.3895406946539879,
      0.49241550266742706,
      0.519788533449173,
      0.5237709730863571,
      0.5659487694501877
    ],
    [
      0.6223311424255371,
      0.43988819420337677,
      0.4860246032476425,
      0.5900499820709229,
      0.48515552282333374,
      0.5754631459712982,
      0.477223701775074,
      0.6314421892166138
    ],
    [
      0.4188076853752136,
      0.39145873486995697,
      0.4029987007379532,
      0.3731578215956688,
      0.7427033931016922,
      0.4015366807579994,
      0.37174469977617264,
      0.4035983085632324
    ],
    [
      0.6610970497131348,
      0.4433850049972534,
      0.5494952201843262,
      0.515004113316536,
      0.4663305878639221,
      0.6829653233289719,
      0.47947751730680466,
      0.5956295430660248
    ],
    [
      0.6503218412399292,
      0.5137537717819214,
      0.566050574183464,
      0.45737529546022415,
      0.5227020233869553,
      0.602815181016922,
      0.7374683916568756,
      0.6693666130304337
    ],
    [
      0.726944699883461,
      0.48124298453330994,
      0.5580985993146896,
      0.5265457779169083,
      0.47692860662937164,
      0.6675636619329453,
      0.5252171754837036,
      0.770322784781456
    ]
  ],
  "reference_pair_identity_similarity": [
    0.5986851900815964,
    0.5668238252401352,
    0.6547119915485382,
    0.6782351285219193,
    0.49591847509145737,
    0.639715388417244,
    0.6771613359451294
  ]
}