{
  "app_names": [
    "bilibili",
    "damai",
    "hanglvzongheng",
    "meituan",
    "qq",
    "tieba",
    "wps",
    "xiaohongshu"
  ],
  "theme_ref_pairwise": [
    [
      -1.1920928955078125e-07,
      0.11675620079040527,
      0.07186776399612427,
      0.09722322225570679,
      0.11707186698913574,
      0.07150298357009888,
      0.09731662273406982
    ],
    [
      0.11675620079040527,
      -1.1920928955078125e-07,
      0.023327529430389404,
      0.07981252670288086,
      0.015558123588562012,
      0.09305715560913086,
      0.08114850521087646
    ],
    [
      0.07186776399612427,
      0.023327529430389404,
      0.0,
      0.07627642154693604,
      0.013029992580413818,
      0.08189558982849121,
      0.09056222438812256
    ],
    [
      0.09722322225570679,
      0.07981252670288086,
      0.07627642154693604,
      0.0,
      0.07738274335861206,
      0.0665816068649292,
      0.06252801418304443
    ],
    [
      0.11707186698913574,
      0.015558123588562012,
      0.013029992580413818,
      0.07738274335861206,
      0.0,
      0.10506844520568848,
      0.10038810968399048
    ],
    [
      0.07150298357009888,
      0.09305715560913086,
      0.08189558982849121,
      0.0665816068649292,
      0.10506844520568848,
      -1.1920928955078125e-07,
      0.06560361385345459
    ],
    [
      0.09731662273406982,
      0.08114850521087646,
      0.09056222438812256,
      0.06252801418304443,
      0.10038810968399048,
      0.06560361385345459,
      -1.1920928955078125e-07
    ]
  ],
  "generated_pairwise": [
    [
      -1.1920928955078125e-07,
      0.06654757261276245,
      0.0980958342552185,
      0.07106971740722656,
      0.04820370674133301,
      0.07724028825759888,
      0.021842479705810547,
      0.04874730110168457
    ],
    [
      0.06654757261276245,
      -1.1920928955078125e-07,
      0.046764910221099854,
      0.012938261032104492,
      0.06340658664703369,
      0.07272583246231079,
      0.05969035625457764,
      0.08777779340744019
    ],
    [
      0.0980958342552185,
      0.046764910221099854,
      -1.1920928955078125e-07,
      0.07061994075775146,
      0.10436034202575684,
      0.05697464942932129,
      0.07455635070800781,
      0.12664824724197388
    ],
    [
      0.07106971740722656,
      0.012938261032104492,
      0.07061994075775146,
      -1.1920928955078125e-07,
      0.05127686262130737,
      0.07769733667373657,
      0.05854642391204834,
      0.08134257793426514
    ],
    [
      0.04820370674133301,
      0.06340658664703369,
      0.10436034202575684,
      0.05127686262130737,
      0.0,
      0.04857534170150757,
      0.0590975284576416,
      0.06907051801681519
    ],
    [
      0.07724028825759888,
      0.07272583246231079,
      0.05697464942932129,
      0.07769733667373657,
      0.04857534170150757,
      -1.1920928955078125e-07,
      0.06404095888137817,
      0.07549452781677246
    ],
    [
      0.021842479705810547,
      0.05969035625457764,
      0.07455635070800781,
      0.05854642391204834,
      0.0590975284576416,
      0.06404095888137817,
      -1.1920928955078125e-07,
      0.03993719816207886
    ],
    [
      0.04874730110168457,
      0.08777779340744019,
      0.12664824724197388,
      0.08134257793426514,
      0.06907051801681519,
      0.07549452781677246,
      0.03993719816207886,
      -1.1920928955078125e-07
    ]
  ],
  "target_pairwise": [
    [
      0.0,
      0.09404700994491577,
      0.1661425232887268,
      0.1790892481803894,
      0.09347444772720337,
      0.08879917860031128,
      0.06728214025497437,
      0.025632262229919434
    ],
    [
      0.09404700994491577,
      0.0,
      0.06112319231033325,
      0.06732064485549927,
      0.025612175464630127,
      0.012617230415344238,
      0.022150754928588867,
      0.11094611883163452
    ],
    [
      0.1661425232887268,
      0.06112319231033325,
      0.0,
      0.10132640600204468,
      0.095592200756073,
      0.06580501794815063,
      0.0789562463760376,
      0.1906835436820984
    ],
    [
      0.1790892481803894,
      0.06732064485549927,
      0.10132640600204468,
      0.0,
      0.09207665920257568,
      0.06804549694061279,
      0.09533876180648804,
      0.1850472092628479
    ],
    [
      0.09347444772720337,
      0.025612175464630127,
      0.095592200756073,
      0.09207665920257568,
      -1.1920928955078125e-07,
      0.03216618299484253,
      0.028699636459350586,
      0.09940648078918457
    ],
    [
      0.08879917860031128,
      0.012617230415344238,
      0.06580501794815063,
      0.06804549694061279,
      0.03216618299484253,
      -1.1920928955078125e-07,
      0.02644902467727661,
      0.10842001438140869
    ],
    [
      0.06728214025497437,
      0.022150754928588867,
      0.0789562463760376,
      0.09533876180648804,
      0.028699636459350586,
      0.02644902467727661,
      0.0,
      0.08695322275161743
    ],
    [
      0.025632262229919434,
      0.11094611883163452,
      0.1906835436820984,
      0.1850472092628479,
      0.09940648078918457,
      0.10842001438140869,
      0.08695322275161743,
      0.0
    ]
  ],
  "generated_to_theme": [
    [
      0.08670914173126221,
      0.038206279277801514,
      0.029544949531555176,
      0.06726783514022827,
      0.04068613052368164,
      0.051627933979034424,
      0.060933589935302734
    ],
    [
      0.11588972806930542,
      0.06040632724761963,
      0.07196080684661865,
      0.06787431240081787,
      0.06723254919052124,
      0.09647059440612793,
      0.07393813133239746
    ],
    [
      0.08169221878051758,
      0.10799378156661987,
      0.07893496751785278,
      0.0852423906326294,
      0.10043078660964966,
      0.0984123945236206,
      0.1259668469429016
    ],
    [
      0.12303608655929565,
      0.05074512958526611,
      0.06972408294677734,
      0.06440514326095581,
      0.058061301708221436,
      0.09849870204925537,
      0.0776166319847107
    ],
    [
      0.08201020956039429,
      0.07803124189376831,
      0.06653088331222534,
      0.04053926467895508,
      0.07831358909606934,
      0.04591870307922363,
      0.058904051780700684
    ],
    [
      0.05469602346420288,
      0.10260981321334839,
      0.07711362838745117,
      0.04181218147277832,
      0.10150235891342163,
      0.049566447734832764,
      0.08636343479156494
    ],
    [
      0.0883711576461792,
      0.02872699499130249,
      0.030908644199371338,
      0.04551279544830322,
      0.03316527605056763,
      0.07047545909881592,
      0.07491117715835571
    ],
    [
      0.11752545833587646,
      0.05395299196243286,
      0.07431381940841675,
      0.05517709255218506,
      0.07701623439788818,
      0.06334245204925537,
      0.06580519676208496
    ]
  ],