{
  "theme_ref_pairwise": [
    0.07494813203811646,
    0.07127892971038818,
    0.0316048264503479,
    0.08677363395690918,
    0.031062066555023193,
    0.036253273487091064,
    0.009210467338562012,
    0.09286099672317505,
    0.015558123588562012,
    0.08413195610046387,
    0.07271480560302734,
    0.0889391303062439,
    0.016633152961730957,
    0.0901036262512207,
    0.07402485609054565,
    0.09241288900375366,
    0.014760494232177734,
    0.04140740633010864,
    0.10042029619216919,
    0.07368737459182739,
    0.042366981506347656
  ],
  "reference_raw_pairwise": [
    0.22779613733291626,
    0.09011799097061157,
    0.14475184679031372,
    0.1223260760307312,
    0.2171306014060974,
    0.13017117977142334,
    0.2645178437232971,
    0.34644919633865356,
    0.3268657326698303,
    0.0375746488571167,
    0.2703019380569458,
    0.11821126937866211,
    0.04700183868408203,
    0.22476959228515625,
    0.12724453210830688,
    0.12774527072906494,
    0.28681689500808716,
    0.15663641691207886,
    0.2722057104110718,
    0.11663419008255005,
    0.24796342849731445
  ],
  "generated_pairwise": [
    0.0665048360824585,
    0.09809768199920654,
    0.07114499807357788,
    0.05730867385864258,
    0.08164095878601074,
    0.02185499668121338,
    0.04861575365066528,
    0.046786367893218994,
    0.012911319732666016,
    0.056941330432891846,
    0.09391027688980103,
    0.0596928596496582,
    0.08763903379440308,
    0.0706600546836853,
    0.13272541761398315,
    0.044719040393829346,
    0.07455432415008545,
    0.12659460306167603,
    0.05028712749481201,
    0.10104316473007202,
    0.05863916873931885,
    0.08131575584411621,
    0.11761820316314697,
    0.07482361793518066,
    0.08289492130279541,
    0.05638092756271362,
    0.0815584659576416,
    0.03983396291732788
  ],
  "target_pairwise": [
    0.15611129999160767,
    0.1760513186454773,
    0.18425607681274414,
    0.12466102838516235,
    0.14069122076034546,
    0.14197921752929688,
    0.024458348751068115,
    0.08006948232650757,
    0.03690934181213379,
    0.038390278816223145,
    0.018888235092163086,
    0.0184972882270813,
    0.1723799705505371,
    0.08775198459625244,
    0.0405961275100708,
    0.042469322681427,
    0.04497784376144409,
    0.20392876863479614,
    0.06717884540557861,
    0.04552274942398071,
    0.04853665828704834,
    0.20737653970718384,
    0.0288468599319458,
    0.026915550231933594,
    0.1414009928703308,
    0.008529126644134521,
    0.16864222288131714,
    0.16489171981811523
  ],
  "generated_to_theme": [
    [
      0.06302523612976074,
      0.03822934627532959,
      0.03668057918548584,
      0.08574706315994263,
      0.040701866149902344,
      0.07036799192428589,
      0.06841522455215454
    ],
    [
      0.06554937362670898,
      0.060363173484802246,
      0.0587039589881897,
      0.08113104104995728,
      0.06720966100692749,
      0.07845622301101685,
      0.0755036473274231
    ],
    [
      0.085365891456604,
      0.10799837112426758,
      0.11929130554199219,
      0.10144603252410889,
      0.10044264793395996,
      0.10404586791992188,
      0.08124494552612305
    ],
    [
      0.06267064809799194,
      0.05077463388442993,
      0.048853516578674316,
      0.08041387796401978,
      0.058143556118011475,
      0.07546991109848022,
      0.07348597049713135
    ],
    [
      0.05923372507095337,
      0.07871812582015991,
      0.0657731294631958,
      0.07563930749893188,
      0.08158564567565918,
      0.07319819927215576,
      0.07652688026428223
    ],
    [
      0.04590260982513428,
      0.10807657241821289,
      0.11938446760177612,
      0.0669260025024414,
      0.11196726560592651,
      0.05943775177001953,
      0.054903388023376465
    ],
    [
      0.04568445682525635,
      0.028747916221618652,
      0.029960811138153076,
      0.05411761999130249,
      0.03317117691040039,
      0.04714477062225342,
      0.05023223161697388
    ],
    [
      0.052529335021972656,
      0.05384266376495361,
      0.05729144811630249,
      0.062307536602020264,
      0.07692736387252808,
      0.040125131607055664,
      0.055298447608947754
    ]
  ],
  "target_to_theme": [
    [
      0.11653101444244385,
      0.09891724586486816,
      0.10193735361099243,
      0.14227765798568726,
      0.10466504096984863,
      0.11989641189575195,
      0.12468141317367554
    ],
    [
      0.10829311609268188,
      0.16052627563476562,
      0.18007224798202515,
      0.16649389266967773,
      0.16003233194351196,
      0.13908123970031738,
      0.11175036430358887
    ],
    [
      0.07929122447967529,
      0.12962347269058228,
      0.13633465766906738,
      0.12011152505874634,
      0.12037044763565063,
      0.10909134149551392,
      0.07526153326034546
    ],
    [
      0.12696629762649536,
      0.14006704092025757,
      0.15957051515579224,
      0.1811811923980713,
      0.12987691164016724,
      0.1575387716293335,
      0.11877834796905518
    ],
    [
      0.0893179178237915,
      0.12441986799240112,
      0.13519883155822754,
      0.13996660709381104,
      0.11959505081176758,
      0.11443442106246948,
      0.09206825494766235
    ],
    [
      0.06826543807983398,
      0.13036048412322998,
      0.14019775390625,
      0.1142125129699707,
      0.12727683782577515,
      0.09821200370788574,
      0.07093513011932373
    ],
    [
      0.0722273588180542,
      0.12960600852966309,
      0.1454501748085022,
      0.10951775312423706,
      0.12907058000564575,
      0.08680933713912964,
      0.07229369878768921
    ],
    [
      0.1456584334373474,
      0.12484264373779297,
      0.1324763298034668,
      0.1749909520149231,
      0.14200377464294434,
      0.14493858814239502,
      0.1599854826927185
    ]
  ],
  "app_names": [
    "bilibili",
    "damai",
    "hanglvzongheng",
    "meituan",
    "qq",
    "tieba",
    "wps",
    "xiaohongshu"
  ],
  "theme_example_names": [
    "alipay",
    "baidu",
    "camera",
    "douyin",
    "phone",
    "wangyiyun",
    "wechat"
  ]
}