{
  "theme_ref_pairwise": [
    0.07471978664398193,
    0.07145243883132935,
    0.03125399351119995,
    0.08714205026626587,
    0.030458509922027588,
    0.03609520196914673,
    0.009254634380340576,
    0.09257370233535767,
    0.01563626527786255,
    0.0834348201751709,
    0.07307243347167969,
    0.08900928497314453,
    0.016824543476104736,
    0.08936148881912231,
    0.07443469762802124,
    0.09280133247375488,
    0.014674842357635498,
    0.04126638174057007,
    0.09993773698806763,
    0.0744091272354126,
    0.04200941324234009
  ],
  "reference_raw_pairwise": [
    0.22700613737106323,
    0.09090912342071533,
    0.14330929517745972,
    0.12222886085510254,
    0.21438616514205933,
    0.13001424074172974,
    0.2655162811279297,
    0.3448367714881897,
    0.3262874484062195,
    0.037407875061035156,
    0.2693260908126831,
    0.11744934320449829,
    0.046271681785583496,
    0.2242884635925293,
    0.12671434879302979,
    0.12682485580444336,
    0.2835114002227783,
    0.154998779296875,
    0.2704733610153198,
    0.11599189043045044,
    0.24527508020401
  ],
  "generated_pairwise": [
    0.0665048360824585,
    0.09809768199920654,
    0.07114511728286743,
    0.05730867385864258,
    0.08164095878601074,
    0.02185499668121338,
    0.04861575365066528,
    0.046786367893218994,
    0.012911379337310791,
    0.056941330432891846,
    0.09391027688980103,
    0.05969280004501343,
    0.08763903379440308,
    0.07066023349761963,
    0.13272541761398315,
    0.044719040393829346,
    0.07455432415008545,
    0.12659460306167603,
    0.05028724670410156,
    0.1010432243347168,
    0.05863916873931885,
    0.08131581544876099,
    0.1176181435585022,
    0.07482355833053589,
    0.08289492130279541,
    0.05638086795806885,
    0.0815584659576416,
    0.03983396291732788
  ],
  "target_pairwise": [
    0.15602540969848633,
    0.1754099726676941,
    0.18363314867019653,
    0.12441021203994751,
    0.1407696008682251,
    0.14167582988739014,
    0.024458348751068115,
    0.07982766628265381,
    0.03676885366439819,
    0.038090288639068604,
    0.01873147487640381,
    0.01878035068511963,
    0.17222023010253906,
    0.08800822496414185,
    0.03997999429702759,
    0.04223620891571045,
    0.04434621334075928,
    0.20347070693969727,
    0.0671166181564331,
    0.045233845710754395,
    0.048409461975097656,
    0.20684492588043213,
    0.028343379497528076,
    0.026820480823516846,
    0.14116758108139038,
    0.00845491886138916,
    0.16887754201889038,
    0.16457170248031616
  ],
  "generated_to_theme": [
    [
      0.06305259466171265,
      0.03835916519165039,
      0.036869704723358154,
      0.0854799747467041,
      0.040442049503326416,
      0.0697859525680542,
      0.06867444515228271
    ],
    [
      0.06530851125717163,
      0.06046992540359497,
      0.05881553888320923,
      0.0808030366897583,
      0.067721426486969,
      0.07777106761932373,
      0.07560408115386963
    ],
    [
      0.08551168441772461,
      0.10828220844268799,
      0.11955618858337402,
      0.1015862226486206,
      0.10099297761917114,
      0.10385096073150635,
      0.08124160766601562
    ],
    [
      0.06248748302459717,
      0.05074948072433472,
      0.04898560047149658,
      0.08024144172668457,
      0.05873602628707886,
      0.07462549209594727,
      0.07343822717666626
    ],
    [
      0.058993518352508545,
      0.07842564582824707,
      0.06603378057479858,
      0.07517534494400024,
      0.08166426420211792,
      0.0722077488899231,
      0.07651281356811523
    ],
    [
      0.04615974426269531,
      0.10819011926651001,
      0.11962252855300903,
      0.06709551811218262,
      0.112240731716156,
      0.05936026573181152,
      0.0549468994140625
    ],
    [
      0.045604586601257324,
      0.028928041458129883,
      0.030177295207977295,
      0.05406695604324341,
      0.03324592113494873,
      0.046719372272491455,
      0.05043751001358032
    ],
    [
      0.052448809146881104,
      0.05413401126861572,
      0.05735057592391968,
      0.062172532081604004,
      0.07693666219711304,
      0.03988522291183472,
      0.05538278818130493
    ]
  ],
  "target_to_theme": [
    [
      0.11648482084274292,
      0.09858816862106323,
      0.10188150405883789,
      0.14186310768127441,
      0.10454308986663818,
      0.11897790431976318,
      0.12470287084579468
    ],
    [
      0.10856068134307861,
      0.16007333993911743,
      0.18000739812850952,
      0.16608577966690063,
      0.15977942943572998,
      0.13897037506103516,
      0.11193805932998657
    ],
    [
      0.07928645610809326,
      0.12923139333724976,
      0.1367034912109375,
      0.1197589635848999,
      0.12019562721252441,
      0.10821139812469482,
      0.0753103494644165
    ],
    [
      0.1270570158958435,
      0.14012086391448975,
      0.15976804494857788,
      0.18073540925979614,
      0.13005346059799194,
      0.156669020652771,
      0.1186981201171875
    ],
    [
      0.08920103311538696,
      0.12396198511123657,
      0.13536524772644043,
      0.13937771320343018,
      0.11942058801651001,
      0.11348837614059448,
      0.09188920259475708
    ],
    [
      0.06854438781738281,
      0.12995821237564087,
      0.14036715030670166,
      0.11398136615753174,
      0.12715083360671997,
      0.09790116548538208,
      0.07101070880889893
    ],
    [
      0.07218551635742188,
      0.12931615114212036,
      0.14535397291183472,
      0.10929185152053833,
      0.12888222932815552,
      0.08657920360565186,
      0.07187360525131226
    ],
    [
      0.14561182260513306,
      0.12446081638336182,
      0.1325474977493286,
      0.17438620328903198,
      0.14181047677993774,
      0.14404267072677612,
      0.1599332094192505
    ]
  ],
  "app_names": [
    "bilibili",
    "damai",
    "hanglvzongheng",
    "meituan",
    "qq",
    "tieba",
    "wps",
    "xiaohongshu"
  ],
  "theme_example_names": [
    "alipay",
    "baidu",
    "camera",
    "douyin",
    "phone",
    "wangyiyun",
    "wechat"
  ]
}