{
  "reference_delta_pairwise": [
    0.9280933141708374,
    0.9260017275810242,
    1.1161386966705322,
    0.9992786049842834,
    0.7759018540382385,
    0.8266732692718506,
    0.994590699672699,
    1.3811291456222534,
    1.087741494178772,
    0.7545332312583923,
    1.0735772848129272,
    1.1812909841537476,
    0.6054462790489197,
    1.1080119609832764,
    0.9990037083625793,
    1.2512967586517334,
    1.0736961364746094,
    1.1021445989608765,
    1.1353367567062378,
    1.003442645072937,
    0.8022509813308716
  ],
  "generated_delta_pairwise": [
    0.9186697602272034,
    1.0576622486114502,
    0.9786509871482849,
    0.8689367771148682,
    0.7474534511566162,
    0.811593234539032,
    0.7908475995063782,
    0.7740398645401001,
    0.5672490000724792,
    0.5981417298316956,
    0.7488791942596436,
    0.5529762506484985,
    0.9311856031417847,
    0.9438247084617615,
    0.8913647532463074,
    0.7562358975410461,
    0.82718425989151,
    1.093254804611206,
    0.546521782875061,
    0.7152522206306458,
    0.6495015025138855,
    1.0362485647201538,
    0.6960168480873108,
    0.5643832683563232,
    1.0573225021362305,
    0.6147646903991699,
    0.8875134587287903,
    0.9349232912063599
  ],
  "generated_delta_to_reference_delta_centroid": [
    0.36841335892677307,
    0.25678279995918274,
    0.3845880627632141,
    0.2908393442630768,
    0.3327607214450836,
    0.3348233699798584,
    0.25044411420822144,
    0.3219073712825775
  ],
  "no_change_delta_to_reference_delta_centroid": [
    0.2522337734699249,
    0.2522337734699249,
    0.2522337734699249,
    0.2522337734699249,
    0.2522337734699249,
    0.2522337734699249,
    0.2522337734699249,
    0.2522337734699249
  ],
  "reference_delta_leave_one_out_distance": 0.33021586627832483,
  "group_scores": {
    "color": {
      "score": 0.0,
      "D_G_delta": 0.4758283495903015,
      "D_no_change_delta": 0.41916200518608093,
      "D_R_delta": 0.6283419217382159,
      "is_effective": false,
      "generated_delta_to_reference_delta_centroid": [
        0.48536428809165955,
        0.436763733625412,
        0.5817117691040039,
        0.49629440903663635,
        0.46307241916656494,
        0.36442455649375916,
        0.39596524834632874,
        0.5830304026603699
      ],
      "no_change_delta_to_reference_delta_centroid": [
        0.41916200518608093,
        0.41916200518608093,
        0.41916200518608093,
        0.41916200518608093,
        0.41916200518608093,
        0.41916200518608093,
        0.41916200518608093,
        0.41916200518608093
      ],
      "per_app_scores": [
        0.0,
        0.0,
        0.0,
        0.0,
        0.0,
        100.0,
        100.0,
        0.0
      ]
    },
    "edge": {
      "score": 0.0,
      "D_G_delta": 0.3796842098236084,
      "D_no_change_delta": 0.2728610336780548,
      "D_R_delta": 0.31542917447430746,
      "is_effective": false,
      "generated_delta_to_reference_delta_centroid": [
        0.6041642427444458,
        0.3085058331489563,
        0.4601149559020996,
        0.23851409554481506,
        0.4786779284477234,
        0.3912258446216583,
        0.2369656264781952,
        0.3193051218986511
      ],
      "no_change_delta_to_reference_delta_centroid": [
        0.2728610336780548,
        0.2728610336780548,
        0.2728610336780548,
        0.2728610336780548,
        0.2728610336780548,
        0.2728610336780548,
        0.2728610336780548,
        0.2728610336780548
      ],
      "per_app_scores": [
        0.0,
        0.0,
        0.0,
        100.0,
        0.0,
        0.0,
        100.0,
        0.0
      ]
    },
    "composition": {
      "score": 0.0,
      "D_G_delta": 0.22417642176151276,
      "D_no_change_delta": 0.19206954538822174,
      "D_R_delta": 0.23189054003783635,
      "is_effective": false,
      "generated_delta_to_reference_delta_centroid": [
        0.24027462303638458,
        0.17793218791484833,
        0.4343034625053406,
        0.2414400279521942,
        0.1534598469734192,
        0.2609872817993164,
        0.13730458915233612,
        0.14770936965942383
      ],
      "no_change_delta_to_reference_delta_centroid": [
        0.19206954538822174,
        0.19206954538822174,
        0.19206954538822174,
        0.19206954538822174,
        0.19206954538822174,
        0.19206954538822174,
        0.19206954538822174,
        0.19206954538822174
      ],
      "per_app_scores": [
        0.0,
        100.0,
        0.0,
        0.0,
        100.0,
        0.0,
        100.0,
        100.0
      ]
    },
    "complexity": {
      "score": 0.0,
      "D_G_delta": 0.19059059023857117,
      "D_no_change_delta": 0.12484254688024521,
      "D_R_delta": 0.14520182886293956,
      "is_effective": false,
      "generated_delta_to_reference_delta_centroid": [
        0.14385026693344116,
        0.10392942279577255,
        0.06222202628850937,
        0.1871088147163391,
        0.23583273589611053,
        0.32265573740005493,
        0.23154103755950928,
        0.23758457601070404
      ],
      "no_change_delta_to_reference_delta_centroid": [
        0.12484254688024521,
        0.12484254688024521,
        0.12484254688024521,
        0.12484254688024521,
        0.12484254688024521,
        0.12484254688024521,
        0.12484254688024521,
        0.12484254688024521
      ],
      "per_app_scores": [
        0.0,
        100.0,
        100.0,
        0.0,
        0.0,
        0.0,
        0.0,
        0.0
      ]
    }
  },
  "app_names": [
    "bilibili",
    "damai",
    "hanglvzongheng",
    "meituan",
    "qq",
    "tieba",
    "wps",
    "xiaohongshu"
  ],
  "theme_example_names": [
    "alipay",
    "baidu",
    "camera",
    "douyin",
    "phone",
    "wangyiyun",
    "wechat"
  ]
}