{
  "theme_ref_pairwise": [
    0.3912777900695801,
    0.38619518280029297,
    0.44943398237228394
  ],
  "generated_pairwise": [
    0.8095294237136841,
    0.6044727563858032,
    0.6056352257728577,
    0.7132159471511841,
    0.8141438961029053,
    0.6833437085151672
  ],
  "target_pairwise": [
    0.8701597452163696,
    0.9049373865127563,
    0.8329185247421265,
    0.5428482294082642,
    0.48900341987609863,
    0.4901866912841797
  ],
  "generated_to_theme": [
    [
      0.698259174823761,
      0.7817513942718506,
      0.6790968179702759
    ],
    [
      0.7259509563446045,
      0.835444986820221,
      0.8196298480033875
    ],
    [
      0.5258548259735107,
      0.6711522340774536,
      0.6766167879104614
    ],
    [
      0.5560311079025269,
      0.7132916450500488,
      0.5507409572601318
    ]
  ],
  "target_to_theme": [
    [
      0.5045597553253174,
      0.6473591923713684,
      0.5835268497467041
    ],
    [
      0.7691028714179993,
      0.8081692457199097,
      0.800854504108429
    ],
    [
      0.7934954166412354,
      0.8736914396286011,
      0.8271580338478088
    ],
    [
      0.8087263703346252,
      0.8564441204071045,
      0.7073256969451904
    ]
  ],
  "generated_to_target": [
    [
      0.45803821086883545,
      0.8335914611816406,
      0.9214009046554565,
      0.8759505748748779
    ],
    [
      0.8918349742889404,
      0.7444758415222168,
      0.9257214069366455,
      0.9964096546173096
    ],
    [
      0.8055301308631897,
      0.8424753546714783,
      0.9043997526168823,
      0.9145010113716125
    ],
    [
      0.517970860004425,
      0.7784555554389954,
      0.8271462321281433,
      0.6720211505889893
    ]
  ],
  "app_names": [
    "bilibili",
    "damai",
    "hanglvzongheng",
    "meituan"
  ]
}