{
  "theme_ref_pairwise": [
    0.0316048264503479,
    0.028664469718933105,
    0.0227392315864563
  ],
  "generated_pairwise": [
    0.11519187688827515,
    0.04808545112609863,
    0.15189719200134277,
    0.10475212335586548,
    0.21620941162109375,
    0.12146031856536865
  ],
  "target_pairwise": [
    0.15611129999160767,
    0.1760513186454773,
    0.18425607681274414,
    0.08006948232650757,
    0.03690934181213379,
    0.08775198459625244
  ],
  "generated_to_theme": [
    [
      0.11010473966598511,
      0.14692777395248413,
      0.12084090709686279
    ],
    [
      0.17283612489700317,
      0.2270548939704895,
      0.1878969669342041
    ],
    [
      0.0972146987915039,
      0.13386207818984985,
      0.11346608400344849
    ],
    [
      0.15610498189926147,
      0.21894705295562744,
      0.17136448621749878
    ]
  ],
  "target_to_theme": [
    [
      0.11653101444244385,
      0.14227765798568726,
      0.13530021905899048
    ],
    [
      0.10829311609268188,
      0.16649389266967773,
      0.12362420558929443
    ],
    [
      0.07929122447967529,
      0.12011152505874634,
      0.08247244358062744
    ],
    [
      0.12696629762649536,
      0.1811811923980713,
      0.1304793357849121
    ]
  ],
  "app_names": [
    "bilibili",
    "damai",
    "hanglvzongheng",
    "meituan"
  ]
}