{
  "theme_ref_pairwise": [
    0.10124021768569946,
    0.09498578310012817,
    0.02863931655883789,
    0.11873763799667358,
    0.031745970249176025,
    0.0463334321975708,
    0.009973526000976562,
    0.10945779085159302,
    0.010378003120422363,
    0.10442519187927246,
    0.09369504451751709,
    0.10373508930206299,
    0.005982637405395508,
    0.11262083053588867,
    0.09110015630722046,
    0.11976206302642822,
    0.014360368251800537,
    0.04558438062667847,
    0.13005661964416504,
    0.10743331909179688,
    0.04898864030838013
  ],
  "generated_pairwise": [
    0.08677458763122559,
    0.13867050409317017,
    0.08982247114181519,
    0.06635266542434692,
    0.1119847297668457,
    0.02840602397918701,
    0.059849560260772705,
    0.02467668056488037,
    0.012992620468139648,
    0.07216352224349976,
    0.09406602382659912,
    0.07779133319854736,
    0.11856675148010254,
    0.04503607749938965,
    0.13735359907150269,
    0.07685279846191406,
    0.094951331615448,
    0.14108628034591675,
    0.06485450267791748,
    0.08991628885269165,
    0.06888508796691895,
    0.1118394136428833,
    0.11078745126724243,
    0.09206944704055786,
    0.11056280136108398,
    0.06360995769500732,
    0.06830650568008423,
    0.047399938106536865
  ],
  "target_pairwise": [
    0.18139737844467163,
    0.24824786186218262,
    0.24766838550567627,
    0.17100077867507935,
    0.1831926703453064,
    0.18712258338928223,
    0.02649545669555664,
    0.10117161273956299,
    0.08091574907302856,
    0.045369505882263184,
    0.03494042158126831,
    0.027353942394256592,
    0.1803112030029297,
    0.1420016884803772,
    0.06256693601608276,
    0.04935532808303833,
    0.0606648325920105,
    0.27643096446990967,
    0.11686211824417114,
    0.09726250171661377,
    0.10143738985061646,
    0.2596847414970398,
    0.04484075307846069,
    0.043044209480285645,
    0.17469996213912964,
    0.014709234237670898,
    0.2068195939064026,
    0.19979172945022583
  ],
  "generated_to_theme": [
    [
      0.08873724937438965,
      0.049430131912231445,
      0.0420190691947937,
      0.0971788763999939,
      0.05429881811141968,
      0.08062905073165894,
      0.09679967164993286
    ],
    [
      0.08732432126998901,
      0.08186215162277222,
      0.07807236909866333,
      0.09276646375656128,
      0.0812079906463623,
      0.09601414203643799,
      0.09368151426315308
    ],
    [
      0.09340488910675049,
      0.12937194108963013,
      0.12869572639465332,
      0.0793989896774292,
      0.1319013237953186,
      0.09000205993652344,
      0.09533286094665527
    ],
    [
      0.08371281623840332,
      0.06417375802993774,
      0.06533980369567871,
      0.09031611680984497,
      0.06319481134414673,
      0.09170538187026978,
      0.08785063028335571
    ],
    [
      0.07520276308059692,
      0.10101020336151123,
      0.08583390712738037,
      0.09444546699523926,
      0.10269427299499512,
      0.09354478120803833,
      0.09328043460845947
    ],
    [
      0.027397453784942627,
      0.12711524963378906,
      0.12634813785552979,
      0.021307706832885742,
      0.14927572011947632,
      0.01708674430847168,
      0.051245033740997314
    ],
    [
      0.05744296312332153,
      0.038237035274505615,
      0.03370070457458496,
      0.05240350961685181,
      0.03940647840499878,
      0.04916352033615112,
      0.06367683410644531
    ],
    [
      0.06896251440048218,
      0.0715072751045227,
      0.07788956165313721,
      0.06684362888336182,
      0.0934591293334961,
      0.046409547328948975,
      0.06605499982833862
    ]
  ],
  "target_to_theme": [
    [
      0.16128504276275635,
      0.13206630945205688,
      0.13333582878112793,
      0.17944520711898804,
      0.14616024494171143,
      0.15556460618972778,
      0.1807159185409546
    ],
    [
      0.0895196795463562,
      0.16473400592803955,
      0.17538094520568848,
      0.1248847246170044,
      0.19637298583984375,
      0.08213764429092407,
      0.11538565158843994
    ],
    [
      0.09030663967132568,
      0.15848392248153687,
      0.15847289562225342,
      0.13153809309005737,
      0.17816585302352905,
      0.11394327878952026,
      0.09583348035812378
    ],
    [
      0.1419283151626587,
      0.14147073030471802,
      0.15702134370803833,
      0.17315548658370972,
      0.1581554412841797,
      0.13483726978302002,
      0.14491325616836548
    ],
    [
      0.10647374391555786,
      0.1503618359565735,
      0.15443885326385498,
      0.15644913911819458,
      0.17192471027374268,
      0.11976397037506104,
      0.12779724597930908
    ],
    [
      0.050538599491119385,
      0.14176923036575317,
      0.14090019464492798,
      0.07559651136398315,
      0.1640033721923828,
      0.055921316146850586,
      0.07206451892852783
    ],
    [
      0.05999255180358887,
      0.14501696825027466,
      0.15277278423309326,
      0.07279586791992188,
      0.17315596342086792,
      0.04489642381668091,
      0.07723218202590942
    ],
    [
      0.20088648796081543,
      0.17037928104400635,
      0.1786021590232849,
      0.22369390726089478,
      0.1916813850402832,
      0.18504583835601807,
      0.22066885232925415
    ]
  ],
  "generated_to_target": [
    [
      0.09823858737945557,
      0.1297488808631897,
      0.1540244221687317,
      0.16451412439346313,
      0.12040978670120239,
      0.12003475427627563,
      0.11320233345031738,
      0.12886404991149902
    ],
    [
      0.12814795970916748,
      0.12402468919754028,
      0.16420376300811768,
      0.13468235731124878,
      0.14156252145767212,
      0.1133299469947815,
      0.10833489894866943,
      0.16739767789840698
    ],
    [
      0.20712751150131226,
      0.14988183975219727,
      0.18649762868881226,
      0.14780539274215698,
      0.201382577419281,
      0.12969213724136353,
      0.11985504627227783,
      0.25189679861068726
    ],
    [
      0.12907135486602783,
      0.10168814659118652,
      0.15516448020935059,
      0.10485798120498657,
      0.11651712656021118,
      0.10045754909515381,
      0.0992814302444458,
      0.16071665287017822
    ],
    [
      0.0730164647102356,
      0.09889131784439087,
      0.14207255840301514,
      0.1868903636932373,
      0.08336979150772095,
      0.08456695079803467,
      0.09362494945526123,
      0.10204505920410156
    ],
    [
      0.20578533411026,
      0.07824397087097168,
      0.11493682861328125,
      0.12261962890625,
      0.12852013111114502,
      0.05325692892074585,
      0.050951480865478516,
      0.2351059913635254
    ],
    [
      0.14873170852661133,
      0.12517988681793213,
      0.13068056106567383,
      0.12045198678970337,
      0.13795363903045654,
      0.10146743059158325,
      0.10062801837921143,
      0.18632298707962036
    ],
    [
      0.15619242191314697,
      0.1201508641242981,
      0.10999488830566406,
      0.13298797607421875,
      0.11465060710906982,
      0.08760720491409302,
      0.0781334638595581,
      0.18263596296310425
    ]
  ],
  "app_names": [
    "bilibili",
    "damai",
    "hanglvzongheng",
    "meituan",
    "qq",
    "tieba",
    "wps",
    "xiaohongshu"
  ]
}