{
  "reference_delta_pairwise": [
    0.9297336935997009,
    0.9302388429641724,
    1.1245275735855103,
    0.9988042712211609,
    0.7884572148323059,
    0.8245923519134521,
    0.9949395656585693,
    1.3761063814163208,
    1.087827205657959,
    0.7532646059989929,
    1.0807454586029053,
    1.1962385177612305,
    0.6111475229263306,
    1.1158860921859741,
    0.9977672100067139,
    1.2599629163742065,
    1.0745981931686401,
    1.1076364517211914,
    1.138143539428711,
    0.996866762638092,
    0.8070634007453918
  ],
  "generated_delta_pairwise": [
    0.9133785963058472,
    1.0611340999603271,
    0.9730386137962341,
    0.8513457775115967,
    0.7545107007026672,
    0.8015298247337341,
    0.7887763381004333,
    0.7708873748779297,
    0.5631116628646851,
    0.587971568107605,
    0.7565774917602539,
    0.5400596261024475,
    0.9336989521980286,
    0.9360031485557556,
    0.8932983875274658,
    0.7422236800193787,
    0.8350688219070435,
    1.0925703048706055,
    0.543899655342102,
    0.707326352596283,
    0.6462729573249817,
    1.0311726331710815,
    0.6805838942527771,
    0.5591794848442078,
    1.055233359336853,
    0.6065655946731567,
    0.8817993998527527,
    0.9339373707771301
  ],
  "generated_delta_to_reference_delta_centroid": [
    0.3648645281791687,
    0.2568330466747284,
    0.38628333806991577,
    0.29009562730789185,
    0.3324880003929138,
    0.3347882032394409,
    0.24856674671173096,
    0.3195914924144745
  ],
  "no_change_delta_to_reference_delta_centroid": [
    0.25252652168273926,
    0.25252652168273926,
    0.25252652168273926,
    0.25252652168273926,
    0.25252652168273926,
    0.25252652168273926,
    0.25252652168273926,
    0.25252652168273926
  ],
  "reference_delta_leave_one_out_distance": 0.3306556540940489,
  "group_scores": {
    "color": {
      "score": 0.0,
      "D_G_delta": 0.4771277606487274,
      "D_no_change_delta": 0.41929447650909424,
      "D_R_delta": 0.6307885987418038,
      "is_effective": false,
      "generated_delta_to_reference_delta_centroid": [
        0.48315152525901794,
        0.43800047039985657,
        0.5818505883216858,
        0.49945253133773804,
        0.4669424891471863,
        0.36585733294487,
        0.39786598086357117,
        0.583901047706604
      ],
      "no_change_delta_to_reference_delta_centroid": [
        0.41929447650909424,
        0.41929447650909424,
        0.41929447650909424,
        0.41929447650909424,
        0.41929447650909424,
        0.41929447650909424,
        0.41929447650909424,
        0.41929447650909424
      ],
      "per_app_scores": [
        0.0,
        0.0,
        0.0,
        0.0,
        0.0,
        100.0,
        100.0,
        0.0
      ]
    },
    "edge": {
      "score": 0.0,
      "D_G_delta": 0.3745749294757843,
      "D_no_change_delta": 0.27488598227500916,
      "D_R_delta": 0.31972228416374754,
      "is_effective": false,
      "generated_delta_to_reference_delta_centroid": [
        0.5970946550369263,
        0.30481013655662537,
        0.4642849862575531,
        0.23135216534137726,
        0.4733632504940033,
        0.38919395208358765,
        0.23155637085437775,
        0.30494391918182373
      ],
      "no_change_delta_to_reference_delta_centroid": [
        0.27488598227500916,
        0.27488598227500916,
        0.27488598227500916,
        0.27488598227500916,
        0.27488598227500916,
        0.27488598227500916,
        0.27488598227500916,
        0.27488598227500916
      ],
      "per_app_scores": [
        0.0,
        0.0,
        0.0,
        100.0,
        0.0,
        0.0,
        100.0,
        0.0
      ]
    },
    "composition": {
      "score": 0.0,
      "D_G_delta": 0.2244609296321869,
      "D_no_change_delta": 0.19226770102977753,
      "D_R_delta": 0.23135866544076375,
      "is_effective": false,
      "generated_delta_to_reference_delta_centroid": [
        0.24033327400684357,
        0.17811183631420135,
        0.4351237118244171,
        0.2415301501750946,
        0.15357378125190735,
        0.2611757516860962,
        0.13782167434692383,
        0.1480172574520111
      ],
      "no_change_delta_to_reference_delta_centroid": [
        0.19226770102977753,
        0.19226770102977753,
        0.19226770102977753,
        0.19226770102977753,
        0.19226770102977753,
        0.19226770102977753,
        0.19226770102977753,
        0.19226770102977753
      ],
      "per_app_scores": [
        0.0,
        100.0,
        0.0,
        0.0,
        100.0,
        0.0,
        100.0,
        100.0
      ]
    },
    "complexity": {
      "score": 0.0,
      "D_G_delta": 0.19059190154075623,
      "D_no_change_delta": 0.1236579641699791,
      "D_R_delta": 0.14075306802988052,
      "is_effective": false,
      "generated_delta_to_reference_delta_centroid": [
        0.1388787031173706,
        0.10640969127416611,
        0.06387403607368469,
        0.1880476176738739,
        0.23607252538204193,
        0.3229258358478546,
        0.22702299058437347,
        0.2415037751197815
      ],
      "no_change_delta_to_reference_delta_centroid": [
        0.1236579641699791,
        0.1236579641699791,
        0.1236579641699791,
        0.1236579641699791,
        0.1236579641699791,
        0.1236579641699791,
        0.1236579641699791,
        0.1236579641699791
      ],
      "per_app_scores": [
        0.0,
        100.0,
        100.0,
        0.0,
        0.0,
        0.0,
        0.0,
        0.0
      ]
    }
  },
  "app_names": [
    "bilibili",
    "damai",
    "hanglvzongheng",
    "meituan",
    "qq",
    "tieba",
    "wps",
    "xiaohongshu"
  ],
  "theme_example_names": [
    "alipay",
    "baidu",
    "camera",
    "douyin",
    "phone",
    "wangyiyun",
    "wechat"
  ]
}