{
  "theme_ref_pairwise": [
    0.3912777900695801,
    0.38619518280029297,
    0.44943398237228394
  ],
  "generated_pairwise": [
    0.871873676776886,
    0.9061722755432129,
    0.8319300413131714,
    0.9760454297065735,
    0.9057431221008301,
    0.870036244392395,
    0.4929463863372803,
    0.5448680520057678,
    0.5077383518218994,
    0.7013795375823975,
    0.6630607843399048,
    0.540239691734314,
    0.7959779500961304,
    0.5006493926048279,
    0.7418196201324463,
    0.6310393214225769,
    0.46752268075942993,
    0.8128708600997925,
    0.7066897749900818,
    0.5218567848205566,
    0.48578500747680664,
    0.6852762699127197,
    0.6649817228317261,
    0.6166399121284485,
    0.9585737586021423,
    0.6243414878845215,
    0.820999026298523,
    0.8937768340110779
  ],
  "target_pairwise": [
    0.8701597452163696,
    0.9049373865127563,
    0.8329185247421265,
    0.9667240381240845,
    0.9049596190452576,
    0.8701149225234985,
    0.4838695526123047,
    0.5428482294082642,
    0.48900341987609863,
    0.6852785348892212,
    0.6562133431434631,
    0.5287520289421082,
    0.7763715386390686,
    0.4901866912841797,
    0.745059609413147,
    0.632402777671814,
    0.4690397381782532,
    0.7931931614875793,
    0.6965961456298828,
    0.5122668147087097,
    0.4655653238296509,
    0.6635448336601257,
    0.641668438911438,
    0.6098557710647583,
    0.9406872391700745,
    0.6161704659461975,
    0.8134764432907104,
    0.8800053000450134
  ],
  "generated_to_theme": [
    [
      0.5033230781555176,
      0.6505777835845947,
      0.5870729684829712
    ],
    [
      0.7713558077812195,
      0.8076006174087524,
      0.8028477430343628
    ],
    [
      0.7944552302360535,
      0.8737348318099976,
      0.8281291127204895
    ],
    [
      0.8094654083251953,
      0.8563072681427002,
      0.7029922008514404
    ],
    [
      0.8470624685287476,
      0.9340348243713379,
      0.9075627326965332
    ],
    [
      0.8395270705223083,
      0.8833624124526978,
      0.8642175197601318
    ],
    [
      0.806781530380249,
      0.9002678990364075,
      0.9071530699729919
    ],
    [
      0.563353419303894,
      0.6700029969215393,
      0.5183533430099487
    ]
  ],
  "target_to_theme": [
    [
      0.5045597553253174,
      0.6473591923713684,
      0.5835268497467041
    ],
    [
      0.7691028714179993,
      0.8081692457199097,
      0.800854504108429
    ],
    [
      0.7934954166412354,
      0.8736914396286011,
      0.8271580338478088
    ],
    [
      0.8087263703346252,
      0.8564441204071045,
      0.7073256969451904
    ],
    [
      0.8302978277206421,
      0.9233137965202332,
      0.9041432738304138
    ],
    [
      0.8367470502853394,
      0.8830171823501587,
      0.8655924797058105
    ],
    [
      0.8078551292419434,
      0.8987596035003662,
      0.9092029333114624
    ],
    [
      0.5445215702056885,
      0.6516959071159363,
      0.48586636781692505
    ]
  ],
  "generated_to_target": [
    [
      0.0016783475875854492,
      0.8726050853729248,
      0.9048340320587158,
      0.8362237215042114,
      0.9680455923080444,
      0.907383918762207,
      0.8709578514099121,
      0.4903273582458496
    ],
    [
      0.8696197867393494,
      0.0021033883094787598,
      0.543551504611969,
      0.49215662479400635,
      0.69373619556427,
      0.6568199992179871,
      0.536603569984436,
      0.7770469188690186
    ],
    [
      0.9063557982444763,
      0.5450199246406555,
      0.0006629228591918945,
      0.48916196823120117,
      0.7435570955276489,
      0.62950199842453,
      0.4700539708137512,
      0.7955610752105713
    ],
    [
      0.8288228511810303,
      0.5056837797164917,
      0.5021732449531555,
      0.003586411476135254,
      0.7050844430923462,
      0.5222992897033691,
      0.48244357109069824,
      0.6556679010391235
    ],
    [
      0.9747136831283569,
      0.694578230381012,
      0.7442835569381714,
      0.6991362571716309,
      0.005509734153747559,
      0.6616578102111816,
      0.6188770532608032,
      0.9448882937431335
    ],
    [
      0.9034247994422913,
      0.6631547212600708,
      0.6344091892242432,
      0.5132249593734741,
      0.6460195779800415,
      0.0012200474739074707,
      0.6228305697441101,
      0.8098494410514832
    ],
    [
      0.869331955909729,
      0.5330426692962646,
      0.46676599979400635,
      0.469379186630249,
      0.6084041595458984,
      0.6181858777999878,
      0.0013770461082458496,
      0.8801751732826233
    ],
    [
      0.48740148544311523,
      0.7963441610336304,
      0.8107807040214539,
      0.6935970783233643,
      0.9550485014915466,
      0.8251269459724426,
      0.8936260342597961,
      0.009711802005767822
    ]
  ],
  "app_names": [
    "bilibili",
    "damai",
    "hanglvzongheng",
    "meituan",
    "qq",
    "tieba",
    "wps",
    "xiaohongshu"
  ]
}