{
  "theme_ref_pairwise": [
    0.4354920983314514,
    0.5323691368103027,
    0.3912777900695801,
    0.46818506717681885,
    0.2867256999015808,
    0.3807975649833679,
    0.5386284589767456,
    0.5594152212142944,
    0.49132972955703735,
    0.4640383720397949,
    0.43556028604507446,
    0.5813632607460022,
    0.4149934649467468,
    0.5266393423080444,
    0.4270116090774536,
    0.5175309777259827,
    0.42940884828567505,
    0.5150023698806763,
    0.47628480195999146,
    0.2706229090690613,
    0.4692941904067993
  ],
  "generated_pairwise": [
    0.6433969736099243,
    0.6531526446342468,
    0.5015000104904175,
    0.7146798372268677,
    0.4878508448600769,
    0.6473242044448853,
    0.46230196952819824,
    0.7035003900527954,
    0.6340335607528687,
    0.6794977784156799,
    0.6281090974807739,
    0.6517117023468018,
    0.6198875308036804,
    0.6649714112281799,
    0.6949226260185242,
    0.654434084892273,
    0.6815317869186401,
    0.6862627267837524,
    0.6387081742286682,
    0.39920246601104736,
    0.6796357035636902,
    0.41647088527679443,
    0.6367020606994629,
    0.8141427040100098,
    0.6870192289352417,
    0.6606429219245911,
    0.40406763553619385,
    0.620956540107727
  ],
  "target_pairwise": [
    0.8701597452163696,
    0.9049373865127563,
    0.8329185247421265,
    0.9667240381240845,
    0.9049596190452576,
    0.8701149225234985,
    0.4838695526123047,
    0.5428482294082642,
    0.48900341987609863,
    0.6852785348892212,
    0.6562133431434631,
    0.5287520289421082,
    0.7763715386390686,
    0.4901866912841797,
    0.745059609413147,
    0.632402777671814,
    0.4690397381782532,
    0.7931931614875793,
    0.6965961456298828,
    0.5122668147087097,
    0.4655653238296509,
    0.6635448336601257,
    0.641668438911438,
    0.6098557710647583,
    0.9406872391700745,
    0.6161704659461975,
    0.8134764432907104,
    0.8800053000450134
  ],
  "generated_to_theme": [
    [
      0.5697131156921387,
      0.6653046607971191,
      0.52470862865448,
      0.6693178415298462,
      0.5359635353088379,
      0.6169941425323486,
      0.5262184143066406
    ],
    [
      0.4158855676651001,
      0.44641441106796265,
      0.558113157749176,
      0.5790889859199524,
      0.45755070447921753,
      0.5213344097137451,
      0.41488099098205566
    ],
    [
      0.6466798186302185,
      0.6767853498458862,
      0.6250178813934326,
      0.6889595985412598,
      0.5982704162597656,
      0.7060214877128601,
      0.5487096309661865
    ],
    [
      0.5740617513656616,
      0.6599939465522766,
      0.5369404554367065,
      0.6207311153411865,
      0.4293655753135681,
      0.580726146697998,
      0.42780137062072754
    ],
    [
      0.709054708480835,
      0.7212482690811157,
      0.6573224067687988,
      0.7902194261550903,
      0.6077699661254883,
      0.715125560760498,
      0.6232686042785645
    ],
    [
      0.5359786748886108,
      0.4963356852531433,
      0.5888164043426514,
      0.6203711032867432,
      0.5230128765106201,
      0.5485585927963257,
      0.4934001564979553
    ],
    [
      0.5942776203155518,
      0.5552337169647217,
      0.679365873336792,
      0.6366824507713318,
      0.6550831198692322,
      0.5830870866775513,
      0.6405724287033081
    ],
    [
      0.4993855953216553,
      0.6176087260246277,
      0.607292115688324,
      0.6881628036499023,
      0.4992055892944336,
      0.6082193851470947,
      0.48559921979904175
    ]
  ],
  "target_to_theme": [
    [
      0.5045597553253174,
      0.5903818607330322,
      0.6043022871017456,
      0.6473591923713684,
      0.6749522686004639,
      0.5387639403343201,
      0.5541964769363403
    ],
    [
      0.7691028714179993,
      0.819047212600708,
      0.8451904058456421,
      0.8081692457199097,
      0.8119584918022156,
      0.7584177255630493,
      0.8596768379211426
    ],
    [
      0.7934954166412354,
      0.895487904548645,
      0.8969133496284485,
      0.8736914396286011,
      0.9047461152076721,
      0.7411292791366577,
      0.8727245926856995
    ],
    [
      0.8087263703346252,
      0.8365471363067627,
      0.8543874025344849,
      0.8564441204071045,
      0.8383526802062988,
      0.8296429514884949,
      0.8085412979125977
    ],
    [
      0.8302978277206421,
      0.8706443905830383,
      0.8797855377197266,
      0.9233137965202332,
      0.8412983417510986,
      0.8196583986282349,
      0.8948119878768921
    ],
    [
      0.8367470502853394,
      0.8704692125320435,
      0.8925795555114746,
      0.8830171823501587,
      0.9072226285934448,
      0.8107669949531555,
      0.9195705056190491
    ],
    [
      0.8078551292419434,
      0.8153305053710938,
      0.8979057669639587,
      0.8987596035003662,
      0.8804152011871338,
      0.7793543934822083,
      0.8948165774345398
    ],
    [
      0.5445215702056885,
      0.5597301721572876,
      0.6648808121681213,
      0.6516959071159363,
      0.7040656208992004,
      0.5939877033233643,
      0.558151364326477
    ]
  ],
  "generated_to_target": [
    [
      0.3444317579269409,
      0.8416616916656494,
      0.9074261784553528,
      0.8482073545455933,
      0.8681820631027222,
      0.863801121711731,
      0.888422429561615,
      0.7527225017547607
    ],
    [
      0.6356679201126099,
      0.7215338945388794,
      0.8995832204818726,
      0.8973244428634644,
      0.8497230410575867,
      0.9229481220245361,
      0.90030437707901,
      0.6468156576156616
    ],
    [
      0.7678501009941101,
      0.934094250202179,
      0.8911185264587402,
      0.9041065573692322,
      0.9054247140884399,
      0.9134589433670044,
      0.9159315824508667,
      0.8292242884635925
    ],
    [
      0.6497420072555542,
      0.7685304284095764,
      0.8398363590240479,
      0.6817077398300171,
      0.8871562480926514,
      0.8270117044448853,
      0.8777916431427002,
      0.5725073218345642
    ],
    [
      0.818557858467102,
      0.868004560470581,
      0.9316080808639526,
      0.8774628639221191,
      0.6510347127914429,
      0.9617380499839783,
      0.91468346118927,
      0.8262401819229126
    ],
    [
      0.525942325592041,
      0.7955948710441589,
      0.8467298150062561,
      0.7441825866699219,
      0.902071475982666,
      0.8095785975456238,
      0.9053593873977661,
      0.6219793558120728
    ],
    [
      0.6072539687156677,
      0.9139106273651123,
      0.9388622045516968,
      0.9231154918670654,
      0.9291595220565796,
      0.928565502166748,
      0.7420618534088135,
      0.7019802331924438
    ],
    [
      0.4855234622955322,
      0.8104778528213501,
      0.8869245648384094,
      0.7629461288452148,
      0.887934684753418,
      0.80416339635849,
      0.8654670119285583,
      0.4699884057044983
    ]
  ],
  "app_names": [
    "bilibili",
    "damai",
    "hanglvzongheng",
    "meituan",
    "qq",
    "tieba",
    "wps",
    "xiaohongshu"
  ]
}